scope,K,user,bits,method,n_blocks,n_symbols,n_bits,bit_errors,ber_mc,ber_analytic,symbol_errors,ser_mc,evm_rms_percent,mc_one_bit_resolution
ensemble,1,1,1,gnn,2048,256000,1024000,5734,0.005599609375,0.005567136220633984,5604,0.021890625,15.708103775978088,9.765625e-07
snapshot,1,1,1,gnn,32,4000,16000,4,0.00025,0.00031841325107961893,4,0.001,13.244196772575378,6.25e-05
ensemble,1,1,1,ide_cal,2048,256000,1024000,19972,0.01950390625,0.019332781434059143,16455,0.06427734375,18.93719881772995,9.765625e-07
snapshot,1,1,1,ide_cal,32,4000,16000,1975,0.1234375,0.12322446703910828,991,0.24775,37.78177499771118,6.25e-05
ensemble,1,1,2,gnn,2048,256000,1024000,152,0.0001484375,0.00015585316577926278,150,0.0005859375,7.941235601902008,9.765625e-07
snapshot,1,1,2,gnn,32,4000,16000,0,0.0,1.8666814760592843e-09,0,0.0,7.933875918388367,6.25e-05
ensemble,1,1,2,ide_cal,2048,256000,1024000,7074,0.006908203125,0.006903377361595631,6887,0.02690234375,16.86270534992218,9.765625e-07
snapshot,1,1,2,ide_cal,32,4000,16000,64,0.004,0.004192844498902559,64,0.016,19.547826051712036,6.25e-05
ensemble,1,1,3,gnn,2048,256000,1024000,68,6.640625e-05,5.488423630595207e-05,67,0.00026171875,6.651878356933594,9.765625e-07
snapshot,1,1,3,gnn,32,4000,16000,0,0.0,1.7459445618862174e-13,0,0.0,6.4399003982543945,6.25e-05
ensemble,1,1,3,ide_cal,2048,256000,1024000,8462,0.008263671875,0.008198469877243042,7531,0.02941796875,17.992863059043884,9.765625e-07
snapshot,1,1,3,ide_cal,32,4000,16000,0,0.0,1.3529023817682173e-05,0,0.0,14.229252934455872,6.25e-05
ensemble,2,1,1,gnn,2048,256000,1024000,9433,0.0092119140625,0.009317239746451378,9150,0.0357421875,18.249550461769104,9.765625e-07
ensemble,2,2,1,gnn,2048,256000,1024000,9493,0.0092705078125,0.009256691671907902,9179,0.03585546875,18.271268904209137,9.765625e-07
snapshot,2,1,1,gnn,32,4000,16000,56,0.0035,0.0026708990335464478,55,0.01375,16.771996021270752,6.25e-05
snapshot,2,2,1,gnn,32,4000,16000,14,0.000875,0.0007596178911626339,14,0.0035,12.468688189983368,6.25e-05
ensemble,2,1,1,ide_cal,2048,256000,1024000,7307,0.0071357421875,0.007171208970248699,6776,0.02646875,16.047847270965576,9.765625e-07
ensemble,2,2,1,ide_cal,2048,256000,1024000,7202,0.007033203125,0.007019761949777603,6576,0.0256875,16.06515347957611,9.765625e-07
snapshot,2,1,1,ide_cal,32,4000,16000,2,0.000125,0.00021897190890740603,2,0.0005,13.230834901332855,6.25e-05
snapshot,2,2,1,ide_cal,32,4000,16000,1,6.25e-05,0.00010385351197328418,1,0.00025,11.04743406176567,6.25e-05
ensemble,2,1,2,gnn,2048,256000,1024000,306,0.000298828125,0.0002930221671704203,303,0.00118359375,9.602446854114532,9.765625e-07
ensemble,2,2,2,gnn,2048,256000,1024000,218,0.000212890625,0.00024968868819996715,211,0.00082421875,9.541112184524536,9.765625e-07
snapshot,2,1,2,gnn,32,4000,16000,0,0.0,1.3859779812719353e-07,0,0.0,9.178554266691208,6.25e-05
snapshot,2,2,2,gnn,32,4000,16000,0,0.0,4.836966822219105e-16,0,0.0,6.968813389539719,6.25e-05
ensemble,2,1,2,ide_cal,2048,256000,1024000,3120,0.003046875,0.003040750976651907,2864,0.0111875,12.950164079666138,9.765625e-07
ensemble,2,2,2,ide_cal,2048,256000,1024000,3208,0.0031328125,0.0031795785762369633,2944,0.0115,12.944632768630981,9.765625e-07
snapshot,2,1,2,ide_cal,32,4000,16000,0,0.0,5.975249450784759e-07,0,0.0,9.547297656536102,6.25e-05
snapshot,2,2,2,ide_cal,32,4000,16000,0,0.0,2.3908249602300202e-08,0,0.0,8.130477368831635,6.25e-05
ensemble,2,1,3,gnn,2048,256000,1024000,84,8.203125e-05,8.095751400105655e-05,83,0.00032421875,7.179822772741318,9.765625e-07
ensemble,2,2,3,gnn,2048,256000,1024000,51,4.98046875e-05,5.289512773742899e-05,50,0.0001953125,7.144591957330704,9.765625e-07
snapshot,2,1,3,gnn,32,4000,16000,0,0.0,1.9283531368929907e-11,0,0.0,6.883551180362701,6.25e-05
snapshot,2,2,3,gnn,32,4000,16000,0,0.0,8.506526275745229e-40,0,0.0,4.23654206097126,6.25e-05
ensemble,2,1,3,ide_cal,2048,256000,1024000,795,0.0007763671875,0.000795316300354898,782,0.0030546875,11.602788418531418,9.765625e-07
ensemble,2,2,3,ide_cal,2048,256000,1024000,783,0.0007646484375,0.0007746467017568648,776,0.00303125,11.567935347557068,9.765625e-07
snapshot,2,1,3,ide_cal,32,4000,16000,0,0.0,1.555645212647505e-06,0,0.0,9.458519518375397,6.25e-05
snapshot,2,2,3,ide_cal,32,4000,16000,0,0.0,7.006467939163485e-08,0,0.0,8.419442921876907,6.25e-05
